first_name,first_tot_percent,first_percent_thousand,last_name,last_tot_percent,last_percent_thousand
Liam,1.10%,1.45%,SMITH,828.2,2.02%
Noah,1.00%,1.32%,JOHNSON,655.2,1.60%
Oliver,0.81%,1.07%,WILLIAMS,551,1.34%
James,0.65%,0.85%,BROWN,487.2,1.19%
Elijah,0.64%,0.85%,JONES,483.2,1.18%
William,0.60%,0.80%,GARCIA,395.3,0.96%
Henry,0.60%,0.79%,MILLER,393.7,0.96%
Lucas,0.58%,0.77%,DAVIS,378.5,0.92%
Benjamin,0.58%,0.77%,RODRIGUEZ,371.2,0.91%
Theodore,0.58%,0.76%,MARTINEZ,359.4,0.88%
Mateo,0.55%,0.73%,HERNANDEZ,353.7,0.86%
Levi,0.53%,0.69%,LOPEZ,296.5,0.72%
Sebastian,0.50%,0.66%,GONZALEZ,285.1,0.70%
Daniel,0.49%,0.64%,WILSON,271.8,0.66%
Jack,0.48%,0.63%,ANDERSON,265.9,0.65%
Michael,0.47%,0.63%,THOMAS,256.3,0.63%
Alexander,0.47%,0.62%,TAYLOR,254.7,0.62%
Owen,0.46%,0.61%,MOORE,245.6,0.60%
Samuel,0.45%,0.59%,JACKSON,240.1,0.59%
Asher,0.45%,0.59%,MARTIN,238.2,0.58%
Ethan,0.44%,0.59%,LEE,234.9,0.57%
Leo,0.44%,0.58%,PEREZ,231.1,0.56%
Jackson,0.43%,0.57%,THOMPSON,225.3,0.55%
Mason,0.43%,0.57%,WHITE,223.9,0.55%
Ezra,0.43%,0.56%,HARRIS,211.6,0.52%
John,0.43%,0.56%,SANCHEZ,207.7,0.51%
Hudson,0.42%,0.56%,CLARK,190.8,0.47%
Luca,0.42%,0.55%,RAMIREZ,189,0.46%
Aiden,0.42%,0.55%,LEWIS,180.3,0.44%
Joseph,0.42%,0.55%,ROBINSON,179.6,0.44%
David,0.42%,0.55%,WALKER,177.3,0.43%
Jacob,0.41%,0.54%,YOUNG,164.2,0.40%
Logan,0.41%,0.54%,ALLEN,163.6,0.40%
Luke,0.39%,0.52%,KING,157.8,0.39%
Julian,0.39%,0.51%,WRIGHT,155.6,0.38%
Gabriel,0.39%,0.51%,SCOTT,149,0.36%
Grayson,0.38%,0.51%,TORRES,148.4,0.36%
Wyatt,0.38%,0.51%,NGUYEN,148.4,0.36%
Matthew,0.38%,0.50%,HILL,147.4,0.36%
Maverick,0.38%,0.50%,FLORES,147.1,0.36%
Isaac,0.36%,0.48%,GREEN,145.8,0.36%
Dylan,0.36%,0.47%,ADAMS,145.1,0.35%
Elias,0.36%,0.47%,NELSON,144.1,0.35%
Anthony,0.35%,0.46%,BAKER,142.2,0.35%
Thomas,0.35%,0.46%,HALL,138,0.34%
Jayden,0.35%,0.46%,RIVERA,132.6,0.32%
Carter,0.34%,0.45%,CAMPBELL,130.9,0.32%
Santiago,0.32%,0.43%,MITCHELL,130.3,0.32%
Ezekiel,0.32%,0.43%,CARTER,127.8,0.31%
Charles,0.32%,0.42%,ROBERTS,127.7,0.31%
Josiah,0.31%,0.41%,GOMEZ,124,0.30%
Caleb,0.31%,0.41%,PHILLIPS,122.3,0.30%
Cooper,0.30%,0.40%,EVANS,120.6,0.29%
Lincoln,0.30%,0.40%,TURNER,118.2,0.29%
Christopher,0.30%,0.39%,DIAZ,117.9,0.29%
Miles,0.30%,0.39%,PARKER,114,0.28%
Nathan,0.30%,0.39%,CRUZ,113.3,0.28%
Isaiah,0.29%,0.38%,EDWARDS,112.7,0.28%
Kai,0.29%,0.38%,COLLINS,111.8,0.27%
Joshua,0.28%,0.37%,REYES,111.2,0.27%
Andrew,0.28%,0.36%,STEWART,110.2,0.27%
Angel,0.27%,0.36%,MORRIS,108.1,0.26%
Adrian,0.27%,0.36%,MORALES,105.7,0.26%
Cameron,0.26%,0.35%,MURPHY,104.6,0.26%
Nolan,0.26%,0.35%,COOK,102.6,0.25%
Waylon,0.26%,0.35%,ROGERS,102.5,0.25%
Jaxon,0.26%,0.34%,GUTIERREZ,99.4,0.24%
Roman,0.25%,0.33%,ORTIZ,97.3,0.24%
Eli,0.25%,0.33%,MORGAN,97.1,0.24%
Wesley,0.25%,0.33%,COOPER,95.2,0.23%
Aaron,0.24%,0.32%,PETERSON,94.3,0.23%
Ian,0.24%,0.32%,BAILEY,94.2,0.23%
Christian,0.24%,0.32%,REED,93.9,0.23%
Ryan,0.23%,0.31%,KELLY,90.7,0.22%
Leonardo,0.23%,0.31%,HOWARD,89.8,0.22%
Brooks,0.23%,0.31%,RAMOS,89.3,0.22%
Axel,0.23%,0.31%,KIM,88.9,0.22%
Walker,0.23%,0.30%,COX,88.6,0.22%
Jonathan,0.22%,0.30%,WARD,88.3,0.22%
Easton,0.22%,0.29%,RICHARDSON,88.1,0.22%
Everett,0.22%,0.29%,WATSON,85.6,0.21%
Weston,0.22%,0.29%,BROOKS,85.3,0.21%
Bennett,0.22%,0.29%,CHAVEZ,85.1,0.21%
Robert,0.22%,0.29%,WOOD,85,0.21%
Jameson,0.22%,0.29%,JAMES,84.5,0.21%
Jose,0.21%,0.28%,BENNETT,83.9,0.20%
Landon,0.21%,0.28%,GRAY,83.4,0.20%
Silas,0.21%,0.28%,MENDOZA,82.3,0.20%
Micah,0.21%,0.28%,RUIZ,80.8,0.20%
Beau,0.21%,0.28%,HUGHES,80.1,0.20%
Colton,0.21%,0.28%,PRICE,79.8,0.19%
Jordan,0.21%,0.28%,ALVAREZ,79.3,0.19%
Jeremiah,0.21%,0.27%,CASTILLO,78.1,0.19%
Parker,0.21%,0.27%,SANDERS,78.1,0.19%
Greyson,0.20%,0.27%,PATEL,78,0.19%
Rowan,0.20%,0.26%,MYERS,77.9,0.19%
Adam,0.19%,0.26%,LONG,77.8,0.19%
Nicholas,0.19%,0.26%,ROSS,77.8,0.19%
Theo,0.19%,0.26%,FOSTER,77.2,0.19%
Xavier,0.19%,0.25%,JIMENEZ,77,0.19%
Hunter,0.19%,0.25%,POWELL,76.2,0.19%
Dominic,0.19%,0.25%,JENKINS,75.5,0.18%
Jace,0.19%,0.25%,PERRY,75.2,0.18%
Gael,0.19%,0.25%,RUSSELL,75.1,0.18%
River,0.19%,0.25%,SULLIVAN,74.9,0.18%
Kayden,0.19%,0.25%,BELL,74.8,0.18%
Thiago,0.18%,0.24%,COLEMAN,74.3,0.18%
Damian,0.18%,0.24%,BUTLER,74.2,0.18%
August,0.18%,0.24%,HENDERSON,74,0.18%
Carson,0.18%,0.24%,BARNES,74,0.18%
Austin,0.18%,0.24%,GONZALES,72.8,0.18%
Myles,0.18%,0.24%,FISHER,72.8,0.18%
Amir,0.18%,0.24%,VASQUEZ,72.1,0.18%
Declan,0.18%,0.24%,SIMMONS,71.3,0.17%
Emmett,0.18%,0.23%,ROMERO,70.7,0.17%
Ryder,0.18%,0.23%,JORDAN,70.7,0.17%
Luka,0.18%,0.23%,PATTERSON,69.6,0.17%
Connor,0.17%,0.23%,ALEXANDER,69.4,0.17%
Jaxson,0.17%,0.22%,HAMILTON,68.4,0.17%
Milo,0.17%,0.22%,GRAHAM,68.2,0.17%
Enzo,0.16%,0.22%,REYNOLDS,67.9,0.17%
Giovanni,0.16%,0.21%,GRIFFIN,67.3,0.16%
Vincent,0.16%,0.21%,WALLACE,66.9,0.16%
Diego,0.16%,0.21%,MORENO,66.8,0.16%
Luis,0.16%,0.21%,WEST,66.4,0.16%
Archer,0.16%,0.21%,COLE,66.2,0.16%
Harrison,0.16%,0.21%,HAYES,65.9,0.16%
Atlas,0.16%,0.21%,BRYANT,65.4,0.16%
Jasper,0.16%,0.21%,HERRERA,65.3,0.16%
Kingston,0.16%,0.21%,GIBSON,64.6,0.16%
Sawyer,0.16%,0.21%,ELLIS,64.1,0.16%
Legend,0.15%,0.20%,TRAN,63.9,0.16%
Evan,0.15%,0.20%,MEDINA,63.9,0.16%
Lorenzo,0.15%,0.20%,AGUILAR,63.2,0.15%
Jonah,0.15%,0.19%,STEVENS,62.9,0.15%
Chase,0.14%,0.19%,MURRAY,62.7,0.15%
Bryson,0.14%,0.19%,FORD,62.7,0.15%
Nathaniel,0.14%,0.19%,CASTRO,62.4,0.15%
Adriel,0.14%,0.19%,MARSHALL,62.4,0.15%
Arthur,0.14%,0.19%,OWENS,61.9,0.15%
Juan,0.14%,0.19%,HARRISON,61.4,0.15%
George,0.14%,0.19%,FERNANDEZ,61.3,0.15%
Cole,0.14%,0.19%,MCDONALD,61.2,0.15%
Zion,0.14%,0.19%,WOODS,60.2,0.15%
Ashton,0.14%,0.18%,WASHINGTON,60.1,0.15%
Jason,0.14%,0.18%,KENNEDY,60,0.15%
Calvin,0.14%,0.18%,WELLS,59.7,0.15%
Carlos,0.14%,0.18%,VARGAS,58.9,0.14%
Brayden,0.14%,0.18%,HENRY,58,0.14%
Elliot,0.14%,0.18%,CHEN,57.5,0.14%
Rhett,0.13%,0.18%,FREEMAN,57.3,0.14%
Ace,0.13%,0.18%,WEBB,57.3,0.14%
Emiliano,0.13%,0.18%,TUCKER,56.8,0.14%
Jayce,0.13%,0.17%,GUZMAN,56.6,0.14%
Graham,0.13%,0.17%,BURNS,56.3,0.14%
Braxton,0.13%,0.17%,CRAWFORD,55.8,0.14%
Max,0.13%,0.17%,OLSON,55.6,0.14%
Leon,0.13%,0.17%,SIMPSON,55.3,0.13%
Ivan,0.13%,0.17%,PORTER,55.3,0.13%
Jude,0.12%,0.16%,HUNTER,55.1,0.13%
Hayden,0.12%,0.16%,GORDON,54.9,0.13%
Malachi,0.12%,0.16%,MENDEZ,54.8,0.13%
Dean,0.12%,0.16%,SILVA,54.8,0.13%
Tyler,0.12%,0.16%,SHAW,54.4,0.13%
Zachary,0.12%,0.16%,SNYDER,54.3,0.13%
Jesus,0.12%,0.16%,MASON,54.3,0.13%
Kaiden,0.12%,0.16%,DIXON,54.1,0.13%
Elliott,0.12%,0.16%,MUNOZ,53.7,0.13%
Arlo,0.12%,0.16%,HUNT,53.7,0.13%
Emmanuel,0.12%,0.16%,HICKS,53.7,0.13%
Ayden,0.12%,0.15%,HOLMES,53.2,0.13%
Bentley,0.12%,0.15%,PALMER,53.1,0.13%
Maxwell,0.12%,0.15%,WAGNER,52.8,0.13%
Amari,0.12%,0.15%,BLACK,52.5,0.13%
Ryker,0.11%,0.15%,ROBERTSON,52.1,0.13%
Finn,0.11%,0.15%,BOYD,52,0.13%
Antonio,0.11%,0.15%,ROSE,52,0.13%
Charlie,0.11%,0.15%,STONE,52,0.13%
Maddox,0.11%,0.15%,SALAZAR,51.8,0.13%
Judah,0.11%,0.15%,FOX,51.6,0.13%
Justin,0.11%,0.15%,WARREN,51.6,0.13%
Kevin,0.11%,0.15%,MILLS,51.5,0.13%
Dawson,0.11%,0.14%,MEYER,51.2,0.12%
Matteo,0.11%,0.14%,RICE,50.7,0.12%
Miguel,0.11%,0.14%,SCHMIDT,49.9,0.12%
Zayden,0.11%,0.14%,GARZA,49.8,0.12%
Messiah,0.11%,0.14%,DANIELS,49.7,0.12%
Camden,0.11%,0.14%,FERGUSON,49.6,0.12%
Alan,0.11%,0.14%,NICHOLS,49.4,0.12%
Alex,0.11%,0.14%,STEPHENS,49,0.12%
Nicolas,0.11%,0.14%,SOTO,49,0.12%
Felix,0.11%,0.14%,WEAVER,48.8,0.12%
Jesse,0.11%,0.14%,RYAN,48.6,0.12%
Beckett,0.10%,0.14%,GARDNER,48.4,0.12%
Alejandro,0.10%,0.14%,PAYNE,48.3,0.12%
Matias,0.10%,0.14%,GRANT,48.2,0.12%
Tucker,0.10%,0.14%,DUNN,47.9,0.12%
Emilio,0.10%,0.13%,KELLEY,47.7,0.12%
Knox,0.10%,0.13%,SPENCER,47.4,0.12%
Xander,0.10%,0.13%,HAWKINS,47.4,0.12%
Oscar,0.10%,0.13%,ARNOLD,47.1,0.11%
Timothy,0.10%,0.13%,PIERCE,47,0.11%
Abraham,0.10%,0.13%,VAZQUEZ,46.9,0.11%
Beckham,0.10%,0.13%,HANSEN,46.8,0.11%
Andres,0.10%,0.13%,PETERS,46.6,0.11%
Gavin,0.10%,0.13%,SANTOS,46.5,0.11%
Barrett,0.10%,0.13%,HART,46.5,0.11%
Brody,0.10%,0.13%,BRADLEY,46.4,0.11%
Joel,0.09%,0.13%,KNIGHT,46.4,0.11%
Jett,0.09%,0.13%,ELLIOTT,46,0.11%
Hayes,0.09%,0.13%,CUNNINGHAM,46,0.11%
Brandon,0.09%,0.13%,DUNCAN,45.8,0.11%
Peter,0.09%,0.13%,ARMSTRONG,45.8,0.11%
Victor,0.09%,0.12%,HUDSON,45.8,0.11%
Abel,0.09%,0.12%,CARROLL,45.5,0.11%
Edward,0.09%,0.12%,LANE,45.5,0.11%
Karter,0.09%,0.12%,RILEY,45.4,0.11%
Patrick,0.09%,0.12%,ANDREWS,45.4,0.11%
Richard,0.09%,0.12%,ALVARADO,45.3,0.11%
Grant,0.09%,0.12%,RAY,45.2,0.11%
Avery,0.09%,0.12%,DELGADO,45.1,0.11%
King,0.09%,0.12%,BERRY,45,0.11%
Caden,0.09%,0.11%,PERKINS,44.6,0.11%
Adonis,0.09%,0.11%,HOFFMAN,44.6,0.11%
Tristan,0.09%,0.11%,JOHNSTON,44.5,0.11%
Riley,0.09%,0.11%,MATTHEWS,44.5,0.11%
Kyrie,0.09%,0.11%,PENA,44.3,0.11%
Blake,0.08%,0.11%,RICHARDS,44.3,0.11%
Eric,0.08%,0.11%,CONTRERAS,44.1,0.11%
Griffin,0.08%,0.11%,WILLIS,44.1,0.11%
Malakai,0.08%,0.11%,CARPENTER,44,0.11%
Rafael,0.08%,0.11%,LAWRENCE,44,0.11%
Israel,0.08%,0.11%,SANDOVAL,43.7,0.11%
Tate,0.08%,0.10%,GUERRERO,43.6,0.11%
Marcus,0.08%,0.10%,GEORGE,43.6,0.11%
Lukas,0.08%,0.10%,CHAPMAN,43.4,0.11%
Nico,0.08%,0.10%,RIOS,43.3,0.11%
Stetson,0.08%,0.10%,ESTRADA,43.2,0.11%
Javier,0.08%,0.10%,ORTEGA,43.1,0.11%
Colt,0.08%,0.10%,WATKINS,43.1,0.11%
Omar,0.08%,0.10%,GREENE,42.8,0.10%
Simon,0.08%,0.10%,NUNEZ,42.5,0.10%
Remington,0.08%,0.10%,WHEELER,42.4,0.10%
Kash,0.08%,0.10%,VALDEZ,42.4,0.10%
Louis,0.08%,0.10%,HARPER,42.2,0.10%
Jeremy,0.08%,0.10%,BURKE,41.7,0.10%
Mark,0.08%,0.10%,LARSON,41.6,0.10%
Lennox,0.08%,0.10%,SANTIAGO,41.4,0.10%
Callum,0.08%,0.10%,MALDONADO,41.2,0.10%
Kairo,0.08%,0.10%,MORRISON,41.1,0.10%
Nash,0.08%,0.10%,FRANKLIN,40.9,0.10%
Kyler,0.07%,0.10%,CARLSON,40.9,0.10%
Dallas,0.07%,0.10%,AUSTIN,40.6,0.10%
Preston,0.07%,0.10%,DOMINGUEZ,40.4,0.10%
Crew,0.07%,0.10%,CARR,40.4,0.10%
Paxton,0.07%,0.10%,LAWSON,40.4,0.10%
Steven,0.07%,0.09%,JACOBS,40.2,0.10%
Zane,0.07%,0.09%,OBRIEN,40.2,0.10%
Kaleb,0.07%,0.09%,LYNCH,39.9,0.10%
Phoenix,0.07%,0.09%,SINGH,39.6,0.10%
Lane,0.07%,0.09%,VEGA,39.6,0.10%
Paul,0.07%,0.09%,BISHOP,39.5,0.10%
Kenneth,0.07%,0.09%,MONTGOMERY,39.3,0.10%
Cash,0.07%,0.09%,OLIVER,39.3,0.10%
Bryce,0.07%,0.09%,JENSEN,39.2,0.10%
Ronan,0.07%,0.09%,HARVEY,39.2,0.10%
Kaden,0.07%,0.09%,WILLIAMSON,39,0.10%
Maximiliano,0.07%,0.09%,GILBERT,39,0.10%
Walter,0.07%,0.09%,DEAN,38.7,0.09%
Maximus,0.07%,0.09%,SIMS,38.4,0.09%
Jax,0.07%,0.09%,ESPINOZA,38,0.09%
Atticus,0.07%,0.09%,HOWELL,38,0.09%
Hendrix,0.07%,0.09%,LI,37.9,0.09%
Emerson,0.07%,0.09%,WONG,37.8,0.09%
Zayn,0.07%,0.09%,REID,37.8,0.09%
Tobias,0.07%,0.09%,HANSON,37.7,0.09%
Cohen,0.07%,0.09%,LE,37.6,0.09%
Kayson,0.07%,0.09%,MCCOY,37.5,0.09%
Aziel,0.07%,0.09%,GARRETT,37.5,0.09%
Rory,0.07%,0.09%,BURTON,37.5,0.09%
Finley,0.07%,0.09%,FULLER,37.3,0.09%
Brady,0.07%,0.09%,WANG,37.3,0.09%
Holden,0.07%,0.09%,WEBER,37.1,0.09%
Jorge,0.07%,0.09%,WELCH,37,0.09%
Malcolm,0.07%,0.09%,ROJAS,36.8,0.09%
Clayton,0.06%,0.08%,LUCAS,36.5,0.09%
Niko,0.06%,0.08%,MARQUEZ,36.5,0.09%
Francisco,0.06%,0.08%,FIELDS,36.5,0.09%
Brian,0.06%,0.08%,PARK,36.2,0.09%
Josue,0.06%,0.08%,YANG,36,0.09%
Bryan,0.06%,0.08%,LITTLE,35.9,0.09%
Cade,0.06%,0.08%,BANKS,35.9,0.09%
Colin,0.06%,0.08%,PADILLA,35.7,0.09%
Andre,0.06%,0.08%,DAY,35.6,0.09%
Cayden,0.06%,0.08%,WALSH,35.6,0.09%
Aidan,0.06%,0.08%,BOWMAN,35.6,0.09%
Muhammad,0.06%,0.08%,SCHULTZ,35.6,0.09%
Derek,0.06%,0.08%,LUNA,35.4,0.09%
Elian,0.06%,0.08%,FOWLER,35.4,0.09%
Ali,0.06%,0.08%,MEJIA,35.3,0.09%
Bodhi,0.06%,0.08%,DAVIDSON,35.2,0.09%
Cody,0.06%,0.08%,ACOSTA,35.1,0.09%
Martin,0.06%,0.08%,BREWER,35,0.09%
Damien,0.06%,0.08%,MAY,35,0.09%
Jensen,0.06%,0.08%,HOLLAND,34.8,0.08%
Cairo,0.06%,0.08%,JUAREZ,34.6,0.08%
Ellis,0.06%,0.08%,NEWMAN,34.6,0.08%
Khalil,0.06%,0.08%,PEARSON,34.5,0.08%
Zander,0.06%,0.08%,CURTIS,34.5,0.08%
Dante,0.06%,0.08%,CORTEZ,34.5,0.08%
Otto,0.06%,0.08%,DOUGLAS,34.4,0.08%
Ismael,0.06%,0.08%,SCHNEIDER,34.3,0.08%
Angelo,0.06%,0.08%,JOSEPH,34.2,0.08%
Brantley,0.06%,0.08%,BARRETT,33.9,0.08%
Cruz,0.06%,0.07%,NAVARRO,33.8,0.08%
Manuel,0.06%,0.07%,FIGUEROA,33.4,0.08%
Colson,0.06%,0.07%,KELLER,33.3,0.08%
Tatum,0.06%,0.07%,AVILA,33,0.08%
Jaden,0.06%,0.07%,WADE,32.9,0.08%
Jaylen,0.06%,0.07%,MOLINA,32.9,0.08%
Cristian,0.06%,0.07%,STANLEY,32.8,0.08%
Erick,0.06%,0.07%,HOPKINS,32.8,0.08%
Romeo,0.06%,0.07%,CAMPOS,32.6,0.08%
Cyrus,0.06%,0.07%,BARNETT,32.4,0.08%
Reid,0.06%,0.07%,BATES,32.4,0.08%
Milan,0.06%,0.07%,CHAMBERS,32.2,0.08%
Leonel,0.06%,0.07%,CALDWELL,31.9,0.08%
Ari,0.05%,0.07%,BECK,31.8,0.08%
Joaquin,0.05%,0.07%,LAMBERT,31.8,0.08%
Odin,0.05%,0.07%,MIRANDA,31.7,0.08%
Gideon,0.05%,0.07%,BYRD,31.5,0.08%
Orion,0.05%,0.07%,CRAIG,31.4,0.08%
Warren,0.05%,0.07%,AYALA,31.4,0.08%
Ezequiel,0.05%,0.07%,LOWE,31.3,0.08%
Daxton,0.05%,0.07%,FRAZIER,31.2,0.08%
Casey,0.05%,0.07%,POWERS,31.2,0.08%
Anderson,0.05%,0.07%,NEAL,31.1,0.08%
Spencer,0.05%,0.07%,LEONARD,31,0.08%
Karson,0.05%,0.07%,GREGORY,31,0.08%
Chance,0.05%,0.07%,CARRILLO,30.9,0.08%
Eduardo,0.05%,0.07%,SUTTON,30.8,0.08%
Fernando,0.05%,0.07%,FLEMING,30.7,0.07%
Raymond,0.05%,0.07%,RHODES,30.7,0.07%
Wade,0.05%,0.07%,SHELTON,30.7,0.07%
Bradley,0.05%,0.07%,SCHWARTZ,30.5,0.07%
Cesar,0.05%,0.07%,NORRIS,30.4,0.07%
Prince,0.05%,0.07%,JENNINGS,30.4,0.07%
Julius,0.05%,0.07%,WATTS,30.4,0.07%
Koa,0.05%,0.07%,DURAN,30.3,0.07%
Dakota,0.05%,0.07%,WALTERS,30.3,0.07%
Kade,0.05%,0.07%,COHEN,30.2,0.07%
Raiden,0.05%,0.07%,MCDANIEL,30.1,0.07%
Callan,0.05%,0.07%,MORAN,30,0.07%
Onyx,0.05%,0.07%,PARKS,30,0.07%
Hector,0.05%,0.07%,STEELE,29.9,0.07%
Remy,0.05%,0.07%,VAUGHN,29.9,0.07%
Ricardo,0.05%,0.06%,BECKER,29.8,0.07%
Edwin,0.05%,0.06%,HOLT,29.7,0.07%
Stephen,0.05%,0.06%,DELEON,29.6,0.07%
Saint,0.05%,0.06%,BARKER,29.6,0.07%
Kane,0.05%,0.06%,TERRY,29.5,0.07%
Desmond,0.05%,0.06%,HALE,29.4,0.07%
Titus,0.05%,0.06%,LEON,29.3,0.07%
Killian,0.05%,0.06%,HAIL,29.2,0.07%
Sullivan,0.05%,0.06%,BENSON,29.2,0.07%
Mario,0.05%,0.06%,HAYNES,29.2,0.07%
Jay,0.05%,0.06%,HORTON,28.9,0.07%
Kamari,0.05%,0.06%,MILES,28.8,0.07%
Luciano,0.05%,0.06%,LYONS,28.7,0.07%
Royal,0.05%,0.06%,PHAM,28.6,0.07%
Marco,0.05%,0.06%,GRAVES,28.5,0.07%
Zyaire,0.05%,0.06%,BUSH,28.5,0.07%
Russell,0.05%,0.06%,THORNTON,28.5,0.07%
Wilder,0.05%,0.06%,WOLFE,28.5,0.07%
Archie,0.05%,0.06%,WARNER,28.4,0.07%
Rylan,0.05%,0.06%,CABRERA,28.4,0.07%
Nasir,0.05%,0.06%,MCKINNEY,28.4,0.07%
Jared,0.05%,0.06%,MANN,28.3,0.07%
Gianni,0.05%,0.06%,ZIMMERMAN,28.2,0.07%
Kashton,0.05%,0.06%,DAWSON,28.2,0.07%
Kobe,0.05%,0.06%,LARA,28.2,0.07%
Travis,0.05%,0.06%,FLETCHER,28.2,0.07%
Sergio,0.05%,0.06%,PAGE,28.1,0.07%
Marshall,0.04%,0.06%,MCCARTHY,28.1,0.07%
Iker,0.04%,0.06%,LOVE,28.1,0.07%
Gunner,0.04%,0.06%,ROBLES,28,0.07%
Briggs,0.04%,0.06%,CERVANTES,27.9,0.07%
Sage,0.04%,0.06%,SOLIS,27.9,0.07%
Apollo,0.04%,0.06%,ERICKSON,27.8,0.07%
Bowen,0.04%,0.06%,REEVES,27.8,0.07%
Baylor,0.04%,0.06%,CHANG,27.8,0.07%
Oakley,0.04%,0.06%,KLEIN,27.6,0.07%
Tyson,0.04%,0.06%,SALINAS,27.5,0.07%
Malik,0.04%,0.06%,FUENTES,27.5,0.07%
Kyle,0.04%,0.06%,BALDWIN,27.4,0.07%
Mathias,0.04%,0.06%,DANIEL,27.3,0.07%
Sean,0.04%,0.06%,SIMON,27.3,0.07%
Sterling,0.04%,0.06%,VELASQUEZ,27.2,0.07%
Hugo,0.04%,0.06%,HARDY,27.2,0.07%
Johnny,0.04%,0.06%,HIGGINS,27.1,0.07%
Armani,0.04%,0.06%,AGUIRRE,27,0.07%
Harvey,0.04%,0.06%,LIN,27,0.07%
Forrest,0.04%,0.06%,CUMMINGS,26.9,0.07%
Jake,0.04%,0.06%,CHANDLER,26.8,0.07%
Kameron,0.04%,0.06%,SHARP,26.8,0.07%
Grady,0.04%,0.06%,BARBER,26.7,0.07%
Banks,0.04%,0.06%,BOWEN,26.7,0.07%
Eden,0.04%,0.06%,OCHOA,26.7,0.07%
Franklin,0.04%,0.06%,DENNIS,26.6,0.06%
Lawson,0.04%,0.06%,ROBBINS,26.6,0.06%
Tanner,0.04%,0.06%,LIU,26.6,0.06%
Jaziel,0.04%,0.05%,RAMSEY,26.6,0.06%
Pablo,0.04%,0.05%,FRANCIS,26.6,0.06%
Zayne,0.04%,0.05%,GRIFFITH,26.5,0.06%
Pedro,0.04%,0.05%,PAUL,26.5,0.06%
Reed,0.04%,0.05%,BLAIR,26.5,0.06%
Royce,0.04%,0.05%,OCONNOR,26.4,0.06%
Edgar,0.04%,0.05%,CARDENAS,26.3,0.06%
Ibrahim,0.04%,0.05%,PACHECO,26.3,0.06%
Winston,0.04%,0.05%,CROSS,26.3,0.06%
Leonidas,0.04%,0.05%,CALDERON,26.1,0.06%
Ronin,0.04%,0.05%,QUINN,26.1,0.06%
Devin,0.04%,0.05%,MOSS,26.1,0.06%
Damon,0.04%,0.05%,SWANSON,26.1,0.06%
Noel,0.04%,0.05%,CHAN,26,0.06%
Rhys,0.04%,0.05%,RIVAS,25.8,0.06%
Clark,0.04%,0.05%,KHAN,25.8,0.06%
Sonny,0.04%,0.05%,RODGERS,25.8,0.06%
Colter,0.04%,0.05%,SERRANO,25.8,0.06%
Corbin,0.04%,0.05%,FITZGERALD,25.6,0.06%
Esteban,0.04%,0.05%,ROSALES,25.5,0.06%
Erik,0.04%,0.05%,STEVENSON,25.5,0.06%
Baker,0.04%,0.05%,CHRISTENSEN,25.5,0.06%
Kylo,0.04%,0.05%,MANNING,25.4,0.06%
Adan,0.04%,0.05%,GILL,25.4,0.06%
Tripp,0.04%,0.05%,CURRY,25.4,0.06%
Caiden,0.04%,0.05%,MCLAUGHLIN,25.4,0.06%
Dariel,0.04%,0.05%,HARMON,25.3,0.06%
Solomon,0.04%,0.05%,MCGEE,25.3,0.06%
Frank,0.04%,0.05%,GROSS,25.3,0.06%
Major,0.04%,0.05%,DOYLE,25.2,0.06%
Memphis,0.04%,0.05%,GARNER,25.2,0.06%
Hank,0.04%,0.05%,NEWTON,25.1,0.06%
Dax,0.04%,0.05%,BURGESS,25.1,0.06%
Quinn,0.04%,0.05%,REESE,25.1,0.06%
Finnegan,0.04%,0.05%,WALTON,25,0.06%
Nehemiah,0.04%,0.05%,BLAKE,25,0.06%
Donovan,0.04%,0.05%,TRUJILLO,25,0.06%
Andy,0.04%,0.05%,ADKINS,25,0.06%
Camilo,0.04%,0.05%,BRADY,24.8,0.06%
Asa,0.04%,0.05%,GOODMAN,24.8,0.06%
Jeffrey,0.04%,0.05%,ROMAN,24.7,0.06%
Jaiden,0.04%,0.05%,WEBSTER,24.6,0.06%
Santino,0.04%,0.05%,GOODWIN,24.6,0.06%
Isaias,0.04%,0.05%,FISCHER,24.5,0.06%
Kian,0.04%,0.05%,HUANG,24.5,0.06%
Fabian,0.04%,0.05%,POTTER,24.5,0.06%
Callen,0.04%,0.05%,DELACRUZ,24.5,0.06%
Ruben,0.04%,0.05%,MONTOYA,24.4,0.06%
Alexis,0.04%,0.05%,TODD,24.3,0.06%
Francis,0.04%,0.05%,WU,24.3,0.06%
Garrett,0.04%,0.05%,HINES,24.3,0.06%
Kendrick,0.04%,0.05%,MULLINS,24.3,0.06%
Matthias,0.04%,0.05%,CASTANEDA,24.2,0.06%
Emanuel,0.04%,0.05%,MALONE,24.2,0.06%
Augustus,0.04%,0.05%,CANNON,24.1,0.06%
Wells,0.04%,0.05%,TATE,24.1,0.06%
Jasiah,0.04%,0.05%,MACK,24.1,0.06%
Koda,0.04%,0.05%,SHERMAN,23.9,0.06%
Alijah,0.03%,0.05%,HUBBARD,23.9,0.06%
Alonzo,0.03%,0.05%,HODGES,23.8,0.06%
Ford,0.03%,0.05%,ZHANG,23.8,0.06%
Collin,0.03%,0.05%,GUERRA,23.8,0.06%
Frederick,0.03%,0.05%,WOLF,23.7,0.06%
Troy,0.03%,0.05%,VALENCIA,23.7,0.06%
Jaxton,0.03%,0.05%,SAUNDERS,23.7,0.06%
Seth,0.03%,0.05%,FRANCO,23.7,0.06%
Kason,0.03%,0.05%,ROWE,23.7,0.06%
Kohen,0.03%,0.05%,GALLAGHER,23.7,0.06%
Ares,0.03%,0.05%,FARMER,23.6,0.06%
Denver,0.03%,0.05%,HAMMOND,23.6,0.06%
Kyson,0.03%,0.05%,HAMPTON,23.6,0.06%
Raphael,0.03%,0.05%,TOWNSEND,23.5,0.06%
Bodie,0.03%,0.04%,INGRAM,23.5,0.06%
Shiloh,0.03%,0.04%,WISE,23.3,0.06%
Uriel,0.03%,0.04%,GALLEGOS,23.2,0.06%
Sylas,0.03%,0.04%,CLARKE,23.2,0.06%
Zaiden,0.03%,0.04%,BARTON,23.1,0.06%
Lewis,0.03%,0.04%,SCHROEDER,23,0.06%
Kieran,0.03%,0.04%,MAXWELL,23,0.06%
Marcos,0.03%,0.04%,WATERS,23,0.06%
Moshe,0.03%,0.04%,LOGAN,23,0.06%
Shepherd,0.03%,0.04%,CAMACHO,23,0.06%
Philip,0.03%,0.04%,STRICKLAND,23,0.06%
Gregory,0.03%,0.04%,NORMAN,23,0.06%
Zaire,0.03%,0.04%,PERSON,22.9,0.06%
Bo,0.03%,0.04%,COLON,22.8,0.06%
Roberto,0.03%,0.04%,PARSONS,22.8,0.06%
Princeton,0.03%,0.04%,FRANK,22.8,0.06%
Leland,0.03%,0.04%,HARRINGTON,22.7,0.06%
Eithan,0.03%,0.04%,GLOVER,22.7,0.06%
Johnathan,0.03%,0.04%,OSBORNE,22.7,0.06%
Lucca,0.03%,0.04%,BUCHANAN,22.6,0.06%
Kenzo,0.03%,0.04%,CASEY,22.6,0.06%
Mack,0.03%,0.04%,FLOYD,22.5,0.05%
Porter,0.03%,0.04%,PATTON,22.5,0.05%
Kolton,0.03%,0.04%,IBARRA,22.4,0.05%
Jamari,0.03%,0.04%,BALL,22.4,0.05%
Kaison,0.03%,0.04%,TYLER,22.4,0.05%
Valentino,0.03%,0.04%,SUAREZ,22.4,0.05%
Rocco,0.03%,0.04%,BOWERS,22.4,0.05%
Saul,0.03%,0.04%,OROZCO,22.3,0.05%
Shane,0.03%,0.04%,SALAS,22.2,0.05%
Moses,0.03%,0.04%,COBB,22.1,0.05%
Kylan,0.03%,0.04%,GIBBS,22.1,0.05%
Deacon,0.03%,0.04%,ANDRADE,22.1,0.05%
Dalton,0.03%,0.04%,BAUER,22,0.05%
Makai,0.03%,0.04%,CONNER,21.9,0.05%
Callahan,0.03%,0.04%,MOODY,21.8,0.05%
Jalen,0.03%,0.04%,ESCOBAR,21.8,0.05%
Drew,0.03%,0.04%,MCGUIRE,21.8,0.05%
Amiri,0.03%,0.04%,LLOYD,21.8,0.05%
Tadeo,0.03%,0.04%,MUELLER,21.8,0.05%
Dominick,0.03%,0.04%,HARTMAN,21.7,0.05%
Kylian,0.03%,0.04%,FRENCH,21.7,0.05%
Sutton,0.03%,0.04%,KRAMER,21.7,0.05%
Rowen,0.03%,0.04%,MCBRIDE,21.7,0.05%
Reece,0.03%,0.04%,POPE,21.7,0.05%
Rodrigo,0.03%,0.04%,LINDSEY,21.6,0.05%
Soren,0.03%,0.04%,VELAZQUEZ,21.6,0.05%
Zachariah,0.03%,0.04%,NORTON,21.6,0.05%
Kasen,0.03%,0.04%,MCCORMICK,21.6,0.05%
Ridge,0.03%,0.04%,SPARKS,21.5,0.05%
Jamir,0.03%,0.04%,FLYNN,21.5,0.05%
Peyton,0.03%,0.04%,YATES,21.4,0.05%
Trevor,0.03%,0.04%,HOGAN,21.4,0.05%
Kaysen,0.03%,0.04%,MARSH,21.1,0.05%
Omari,0.03%,0.04%,MACIAS,21.1,0.05%
Izaiah,0.03%,0.04%,VILLANUEVA,21,0.05%
Morgan,0.03%,0.04%,ZAMORA,20.9,0.05%
Alessandro,0.03%,0.04%,PRATT,20.9,0.05%
Enrique,0.03%,0.04%,STOKES,20.9,0.05%
Marcelo,0.03%,0.04%,OWEN,20.9,0.05%
Sincere,0.03%,0.04%,BALLARD,20.9,0.05%
Lucian,0.03%,0.04%,LANG,20.9,0.05%
Braylen,0.03%,0.04%,BROCK,20.8,0.05%
Leandro,0.03%,0.04%,VILLARREAL,20.8,0.05%
Armando,0.03%,0.04%,CHARLES,20.8,0.05%
Cassius,0.03%,0.04%,DRAKE,20.7,0.05%
Jayson,0.03%,0.04%,BARRERA,20.7,0.05%
Lawrence,0.03%,0.04%,CAIN,20.7,0.05%
Raul,0.03%,0.04%,PATRICK,20.6,0.05%
Julio,0.03%,0.04%,PINEDA,20.6,0.05%
Jase,0.03%,0.04%,BURNETT,20.6,0.05%
Jonas,0.03%,0.04%,MERCADO,20.6,0.05%
Mohammad,0.03%,0.04%,SANTANA,20.6,0.05%
Jayceon,0.03%,0.04%,SHEPHERD,20.5,0.05%
Zain,0.03%,0.04%,BAUTISTA,20.4,0.05%
Ronald,0.03%,0.04%,ALI,20.3,0.05%
Rio,0.03%,0.04%,SHAFFER,20.3,0.05%
Allen,0.03%,0.04%,LAMB,20.3,0.05%
Ayaan,0.03%,0.04%,TREVINO,20.3,0.05%
Bruce,0.03%,0.04%,MCKENZIE,20.2,0.05%
Dorian,0.03%,0.04%,HESS,20.2,0.05%
Mohamed,0.03%,0.04%,BEIL,20.2,0.05%
Keegan,0.03%,0.04%,OLSEN,20.1,0.05%
Maximilian,0.03%,0.04%,COCHRAN,20.1,0.05%
Shawn,0.03%,0.04%,MORTON,20.1,0.05%
Yusuf,0.03%,0.04%,NASH,19.9,0.05%
Ariel,0.03%,0.04%,WILKINS,19.9,0.05%
Pierce,0.03%,0.04%,PETERSEN,19.8,0.05%
Ander,0.03%,0.04%,BRIGGS,19.8,0.05%
Phillip,0.03%,0.04%,SHAH,19.8,0.05%
Conor,0.03%,0.04%,ROTH,19.8,0.05%
Conrad,0.03%,0.04%,NICHOLSON,19.7,0.05%
Roy,0.03%,0.04%,HOLLOWAY,19.7,0.05%
Arjun,0.03%,0.04%,LOZANO,19.6,0.05%
Moises,0.03%,0.04%,RANGEL,19.5,0.05%
Arturo,0.03%,0.04%,FLOWERS,19.5,0.05%
Johan,0.03%,0.04%,HOOVER,19.5,0.05%
Gerardo,0.03%,0.03%,SHORT,19.5,0.05%
Nikolai,0.03%,0.03%,ARIAS,19.5,0.05%
Samson,0.03%,0.03%,MORA,19.5,0.05%
Atreus,0.03%,0.03%,VALENZUELA,19.5,0.05%
Hezekiah,0.03%,0.03%,BRYAN,19.4,0.05%
Kayce,0.03%,0.03%,MEYERS,19.4,0.05%
Braylon,0.03%,0.03%,WEISS,19.4,0.05%
Jamison,0.03%,0.03%,UNDERWOOD,19.4,0.05%
Scott,0.03%,0.03%,BASS,19.3,0.05%
Gunnar,0.03%,0.03%,GREER,19.3,0.05%
Samir,0.03%,0.03%,SUMMERS,19.3,0.05%
Keanu,0.03%,0.03%,HOUSTON,19.3,0.05%
Jaime,0.03%,0.03%,CARSON,19.3,0.05%
Ledger,0.03%,0.03%,MORROW,19.3,0.05%
Kamden,0.03%,0.03%,CLAYTON,19.2,0.05%
Nikolas,0.03%,0.03%,WHITAKER,19.2,0.05%
Finnley,0.03%,0.03%,DECKER,19.2,0.05%
Ocean,0.03%,0.03%,YODER,19.1,0.05%
Cannon,0.03%,0.03%,COLLIER,19.1,0.05%
Colby,0.03%,0.03%,ZUNIGA,19.1,0.05%
Emmitt,0.03%,0.03%,CAREY,19.1,0.05%
Miller,0.03%,0.03%,WILCOX,19.1,0.05%
Boone,0.02%,0.03%,MELENDEZ,19.1,0.05%
Hamza,0.02%,0.03%,POOLE,19.1,0.05%
Mac,0.02%,0.03%,ROBERSON,19.1,0.05%
Anakin,0.02%,0.03%,LARSEN,19,0.05%
Brixton,0.02%,0.03%,CONLEY,19,0.05%
Chaim,0.02%,0.03%,DAVENPORT,19,0.05%
Roland,0.02%,0.03%,COPELAND,18.9,0.05%
Zeke,0.02%,0.03%,MASSEY,18.9,0.05%
Huxley,0.02%,0.03%,LAM,18.8,0.05%
Albert,0.02%,0.03%,HUFF,18.8,0.05%
Danny,0.02%,0.03%,ROCHA,18.7,0.05%
Marvin,0.02%,0.03%,CAMERON,18.7,0.05%
Otis,0.02%,0.03%,JEFFERSON,18.7,0.05%
Boston,0.02%,0.03%,HOOD,18.7,0.05%
Taylor,0.02%,0.03%,MONROE,18.7,0.05%
Amos,0.02%,0.03%,ANTHONY,18.7,0.05%
Augustine,0.02%,0.03%,PITTMAN,18.7,0.05%
Clay,0.02%,0.03%,HUYNH,18.6,0.05%
Ozzy,0.02%,0.03%,RANDALL,18.6,0.05%
Emir,0.02%,0.03%,SINGLETON,18.5,0.05%
Bruno,0.02%,0.03%,KIRK,18.4,0.04%
Krew,0.02%,0.03%,COMBS,18.4,0.04%
Lionel,0.02%,0.03%,MATHIS,18.4,0.04%
Jamie,0.02%,0.03%,CHRISTIAN,18.4,0.04%
Alden,0.02%,0.03%,SKINNER,18.3,0.04%
Rayan,0.02%,0.03%,BRADFORD,18.3,0.04%
Bellamy,0.02%,0.03%,RICHARD,18.3,0.04%
Drake,0.02%,0.03%,GALVAN,18.3,0.04%
Dustin,0.02%,0.03%,WALL,18.2,0.04%
Conner,0.02%,0.03%,BOONE,18.2,0.04%
Davis,0.02%,0.03%,KIRBY,18.2,0.04%
Corey,0.02%,0.03%,WILKINSON,18.2,0.04%
Ahmad,0.02%,0.03%,BRIDGES,18.2,0.04%
Layton,0.02%,0.03%,BRUCE,18.1,0.04%
Abram,0.02%,0.03%,ATKINSON,18.1,0.04%
Gustavo,0.02%,0.03%,VELEZ,18.1,0.04%
Azariah,0.02%,0.03%,MEZA,18.1,0.04%
Chandler,0.02%,0.03%,ROY,18,0.04%
Axton,0.02%,0.03%,VINCENT,18,0.04%
Benson,0.02%,0.03%,YORK,18,0.04%
Reese,0.02%,0.03%,HODGE,17.9,0.04%
Gage,0.02%,0.03%,VILLA,17.9,0.04%
Reign,0.02%,0.03%,ABBOTT,17.9,0.04%
Trey,0.02%,0.03%,ALLISON,17.9,0.04%
Tru,0.02%,0.03%,TAPIA,17.9,0.04%
Case,0.02%,0.03%,GATES,17.8,0.04%
Mauricio,0.02%,0.03%,CHASE,17.8,0.04%
Westin,0.02%,0.03%,SOSA,17.8,0.04%
Mylo,0.02%,0.03%,SWEENEY,17.8,0.04%
Creed,0.02%,0.03%,FARRELL,17.7,0.04%
Dennis,0.02%,0.03%,WYATT,17.7,0.04%
Quentin,0.02%,0.03%,DALTON,17.7,0.04%
Yosef,0.02%,0.03%,HORN,17.7,0.04%
Rome,0.02%,0.03%,BARRON,17.7,0.04%
Madden,0.02%,0.03%,PHELPS,17.6,0.04%
Sam,0.02%,0.03%,YU,17.6,0.04%
Marcel,0.02%,0.03%,DICKERSON,17.6,0.04%
Julien,0.02%,0.03%,HEATH,17.6,0.04%
Zaid,0.02%,0.03%,FOLEY,17.6,0.04%
Maximo,0.02%,0.03%,ATKINS,17.5,0.04%
Quincy,0.02%,0.03%,MATHEWS,17.5,0.04%
Ahmed,0.02%,0.03%,BONILLA,17.5,0.04%
Kannon,0.02%,0.03%,ACEVEDO,17.4,0.04%
Layne,0.02%,0.03%,BENITEZ,17.4,0.04%
Lennon,0.02%,0.03%,ZAVALA,17.3,0.04%
Ryland,0.02%,0.03%,HENSLEY,17.3,0.04%
Chris,0.02%,0.03%,GLENN,17.3,0.04%
Aarav,0.02%,0.03%,CISNEROS,17.3,0.04%
Eliam,0.02%,0.03%,HARRELL,17.2,0.04%
Kareem,0.02%,0.03%,SHIELDS,17.2,0.04%
Skyler,0.02%,0.03%,RUBIO,17.2,0.04%
Fletcher,0.02%,0.03%,HUFFMAN,17.2,0.04%
Kyree,0.02%,0.03%,CHOI,17.2,0.04%
Dario,0.02%,0.03%,BOYER,17.2,0.04%
Duke,0.02%,0.03%,GARRISON,17.2,0.04%
Darius,0.02%,0.03%,ARROYO,17.2,0.04%
Donald,0.02%,0.03%,BOND,17.2,0.04%
Salem,0.02%,0.03%,KANE,17.2,0.04%
Rayden,0.02%,0.03%,HANCOCK,17.1,0.04%
Vicente,0.02%,0.03%,CALLAHAN,17.1,0.04%
Cayson,0.02%,0.03%,DILLON,17.1,0.04%
Vincenzo,0.02%,0.03%,CLINE,17,0.04%
Clyde,0.02%,0.03%,WIGGINS,17,0.04%
Eliseo,0.02%,0.03%,GRIMES,17,0.04%
Issac,0.02%,0.03%,ARELLANO,17,0.04%
Lian,0.02%,0.03%,MELTON,17,0.04%
Wilson,0.02%,0.03%,ONEILL,17,0.04%
Santana,0.02%,0.03%,SAVAGE,16.9,0.04%
Tomas,0.02%,0.03%,HO,16.9,0.04%
Dexter,0.02%,0.03%,BELTRAN,16.9,0.04%
Uriah,0.02%,0.03%,PITTS,16.9,0.04%
Keith,0.02%,0.03%,PARRISH,16.9,0.04%
Harry,0.02%,0.03%,PONCE,16.8,0.04%
Houston,0.02%,0.03%,RICH,16.8,0.04%
Rex,0.02%,0.03%,BOOTH,16.8,0.04%
Tony,0.02%,0.03%,KOCH,16.8,0.04%
Lee,0.02%,0.03%,GOLDEN,16.7,0.04%
Loyal,0.02%,0.03%,WARE,16.7,0.04%
Carmelo,0.02%,0.03%,BRENNAN,16.7,0.04%
Alberto,0.02%,0.03%,MCDOWELL,16.7,0.04%
Riggs,0.02%,0.03%,MARKS,16.7,0.04%
Alfredo,0.02%,0.03%,CANTU,16.7,0.04%
Forest,0.02%,0.03%,HUMPHREY,16.6,0.04%
Trace,0.02%,0.03%,BAXTER,16.6,0.04%
Raylan,0.02%,0.03%,SAWYER,16.6,0.04%
Zakai,0.02%,0.03%,CLAY,16.6,0.04%
Jakari,0.02%,0.03%,TANNER,16.6,0.04%
Salvador,0.02%,0.03%,HUTCHINSON,16.5,0.04%
Aron,0.02%,0.03%,KAUR,16.5,0.04%
Flynn,0.02%,0.03%,BERG,16.5,0.04%
Leonard,0.02%,0.03%,WILEY,16.5,0.04%
Louie,0.02%,0.03%,GILMORE,16.5,0.04%
Derrick,0.02%,0.03%,RUSSO,16.5,0.04%
Mohammed,0.02%,0.03%,VILLEGAS,16.5,0.04%
Westley,0.02%,0.03%,HOBBS,16.5,0.04%
Avi,0.02%,0.03%,KEITH,16.4,0.04%
Musa,0.02%,0.03%,WILKERSON,16.4,0.04%
Ty,0.02%,0.03%,AHMED,16.4,0.04%
Ambrose,0.02%,0.03%,BEARD,16.3,0.04%
Brycen,0.02%,0.03%,MCCLAIN,16.3,0.04%
Caspian,0.02%,0.03%,MONTES,16.3,0.04%
Dillon,0.02%,0.03%,MATA,16.3,0.04%
Gatlin,0.02%,0.03%,ROSARIO,16.3,0.04%
Harlan,0.02%,0.03%,VANG,16.3,0.04%
Emery,0.02%,0.03%,WALTER,16.3,0.04%
Tommy,0.02%,0.03%,HENSON,16.3,0.04%
Watson,0.02%,0.03%,ONEAL,16.3,0.04%
Zayd,0.02%,0.03%,MOSLEY,16.3,0.04%
Azrael,0.02%,0.02%,MCCLURE,16.2,0.04%
Nixon,0.02%,0.02%,BEASLEY,16.2,0.04%
Zyair,0.02%,0.02%,STEPHENSON,16.2,0.04%
Azriel,0.02%,0.02%,SNOW,16.1,0.04%
Legacy,0.02%,0.02%,HUERTA,16.1,0.04%
Cillian,0.02%,0.02%,PRESTON,16.1,0.04%
Kingsley,0.02%,0.02%,VANCE,16,0.04%
Alvin,0.02%,0.02%,BARRY,16,0.04%
Bridger,0.02%,0.02%,JOHNS,16,0.04%
Remi,0.02%,0.02%,EATON,16,0.04%
Edison,0.02%,0.02%,BLACKWELL,16,0.04%
Alec,0.02%,0.02%,DYER,16,0.04%
Briar,0.02%,0.02%,PRINCE,16,0.04%
Truett,0.02%,0.02%,MACDONALD,15.8,0.04%
Jaxxon,0.02%,0.02%,SOLOMON,15.8,0.04%
Lachlan,0.02%,0.02%,GUEVARA,15.8,0.04%
Landen,0.02%,0.02%,STAFFORD,15.7,0.04%
Cal,0.02%,0.02%,ENGLISH,15.7,0.04%
Jerry,0.02%,0.02%,HURST,15.7,0.04%
Roger,0.02%,0.02%,WOODARD,15.7,0.04%
Alonso,0.02%,0.02%,CORTES,15.7,0.04%
Kaiser,0.02%,0.02%,SHANNON,15.6,0.04%
Blaze,0.02%,0.02%,KEMP,15.6,0.04%
Seven,0.02%,0.02%,NOLAN,15.6,0.04%
Kenji,0.02%,0.02%,MCCULLOUGH,15.5,0.04%
Noe,0.02%,0.02%,MERRITT,15.5,0.04%
Quinton,0.02%,0.02%,MURILLO,15.4,0.04%
Yehuda,0.02%,0.02%,MOON,15.4,0.04%
Grey,0.02%,0.02%,SALGADO,15.4,0.04%
Jefferson,0.02%,0.02%,STRONG,15.4,0.04%
Marcellus,0.02%,0.02%,KLINE,15.4,0.04%
Ray,0.02%,0.02%,CORDOVA,15.4,0.04%
Kyro,0.02%,0.02%,BARAJAS,15.3,0.04%
Neil,0.02%,0.02%,ROACH,15.3,0.04%
Benicio,0.02%,0.02%,ROSAS,15.2,0.04%
Idris,0.02%,0.02%,WINTERS,15.2,0.04%
Ramon,0.02%,0.02%,JACOBSON,15.2,0.04%
Wayne,0.02%,0.02%,LESTER,15.2,0.04%
Bear,0.02%,0.02%,KNOX,15.2,0.04%
Justice,0.02%,0.02%,BULLOCK,15.2,0.04%
Karim,0.02%,0.02%,KERR,15.2,0.04%
Ben,0.02%,0.02%,LEACH,15.1,0.04%
Junior,0.02%,0.02%,MEADOWS,15.1,0.04%
Kiaan,0.02%,0.02%,ORR,15.1,0.04%
Magnus,0.02%,0.02%,DAVILA,15.1,0.04%
Trenton,0.02%,0.02%,WHITEHEAD,15,0.04%
Hassan,0.02%,0.02%,PRUITT,15,0.04%
Jagger,0.02%,0.02%,KENT,15,0.04%
Jimmy,0.02%,0.02%,CONWAY,15,0.04%
Nathanael,0.02%,0.02%,MCKEE,15,0.04%
Stanley,0.02%,0.02%,BARR,15,0.04%
Bjorn,0.02%,0.02%,DAVID,14.9,0.04%
Brayan,0.02%,0.02%,DEJESUS,14.9,0.04%
Brock,0.02%,0.02%,MARIN,14.9,0.04%
Dakari,0.02%,0.02%,BERGER,14.9,0.04%
Cason,0.02%,0.02%,MCINTYRE,14.9,0.04%
Abdiel,0.02%,0.02%,BLANKENSHIP,14.9,0.04%
Rey,0.02%,0.02%,GAINES,14.9,0.04%
Abdullah,0.02%,0.02%,PALACIOS,14.9,0.04%
Casen,0.02%,0.02%,CUEVAS,14.8,0.04%
Lance,0.02%,0.02%,BARTLETT,14.8,0.04%
Alvaro,0.02%,0.02%,DURHAM,14.8,0.04%
Langston,0.02%,0.02%,DORSEY,14.8,0.04%
Misael,0.02%,0.02%,MCCALL,14.7,0.04%
Robin,0.02%,0.02%,ODONNELL,14.7,0.04%
Jiraiya,0.02%,0.02%,STEIN,14.7,0.04%
Khari,0.02%,0.02%,BROWNING,14.7,0.04%
Nelson,0.02%,0.02%,STOUT,14.7,0.04%
Valentin,0.02%,0.02%,LOWERY,14.7,0.04%
Wes,0.02%,0.02%,SLOAN,14.7,0.04%
Landyn,0.02%,0.02%,MCLEAN,14.7,0.04%
Hugh,0.02%,0.02%,HENDRICKS,14.6,0.04%
Jakai,0.02%,0.02%,CALHOUN,14.6,0.04%
Jedidiah,0.02%,0.02%,SEXTON,14.6,0.04%
Keaton,0.02%,0.02%,CHUNG,14.6,0.04%
Lochlan,0.02%,0.02%,GENTRY,14.6,0.04%
Koen,0.02%,0.02%,HULL,14.6,0.04%
Amias,0.02%,0.02%,DUARTE,14.6,0.04%
Joziah,0.02%,0.02%,ELLISON,14.5,0.04%
Thaddeus,0.02%,0.02%,NIELSEN,14.5,0.04%
Orlando,0.02%,0.02%,GILLESPIE,14.5,0.04%
Eliel,0.02%,0.02%,BUCK,14.5,0.04%
Enoch,0.02%,0.02%,MIDDLETON,14.4,0.04%
Rohan,0.02%,0.02%,SELLERS,14.4,0.04%
Mitchell,0.02%,0.02%,LEBLANC,14.4,0.04%
Aden,0.02%,0.02%,ESPARZA,14.4,0.04%
Calum,0.02%,0.02%,HARDIN,14.4,0.04%
Dilan,0.02%,0.02%,BRADSHAW,14.4,0.04%
Evander,0.02%,0.02%,MCINTOSH,14.4,0.04%
Aryan,0.02%,0.02%,HOWE,14.3,0.03%
Leighton,0.02%,0.02%,LIVINGSTON,14.3,0.03%
Allan,0.02%,0.02%,FROST,14.2,0.03%
Elisha,0.02%,0.02%,GLASS,14.2,0.03%
Castiel,0.02%,0.02%,MORSE,14.2,0.03%
Dash,0.02%,0.02%,KNAPP,14.2,0.03%
Eddie,0.02%,0.02%,HERMAN,14.2,0.03%
Curtis,0.02%,0.02%,STARK,14.2,0.03%
Everest,0.02%,0.02%,BRAVO,14.1,0.03%
Kellen,0.02%,0.02%,NOBLE,14.1,0.03%
Melvin,0.02%,0.02%,SPEARS,14.1,0.03%
Douglas,0.02%,0.02%,WEEKS,14.1,0.03%
Avyaan,0.02%,0.02%,CORONA,14.1,0.03%
Zamir,0.02%,0.02%,FREDERICK,14,0.03%
Khaza,0.02%,0.02%,BUCKLEY,14,0.03%
Ricky,0.02%,0.02%,MCFARLAND,14,0.03%
Dutton,0.02%,0.02%,HEBERT,14,0.03%
Yahir,0.02%,0.02%,ENRIQUEZ,14,0.03%
Leif,0.02%,0.02%,HICKMAN,14,0.03%
Devon,0.02%,0.02%,QUINTERO,14,0.03%
Dior,0.02%,0.02%,RANDOLPH,13.9,0.03%
Franco,0.02%,0.02%,SCHAEFER,13.9,0.03%
Rudy,0.02%,0.02%,WALLS,13.9,0.03%
Sevyn,0.02%,0.02%,TREJO,13.9,0.03%
Alfred,0.02%,0.02%,HOUSE,13.9,0.03%
Ira,0.02%,0.02%,REILLY,13.9,0.03%
Zahir,0.02%,0.02%,PENNINGTON,13.9,0.03%
Azael,0.02%,0.02%,MICHAEL,13.8,0.03%
Emory,0.02%,0.02%,CONRAD,13.8,0.03%
Guillermo,0.02%,0.02%,GILES,13.8,0.03%
Titan,0.02%,0.02%,BENJAMIN,13.8,0.03%
Felipe,0.02%,0.02%,CROSBY,13.8,0.03%
Darren,0.02%,0.02%,FITZPATRICK,13.7,0.03%
Kellan,0.02%,0.02%,DONOVAN,13.7,0.03%
Reuben,0.02%,0.02%,MAYS,13.7,0.03%
Anders,0.02%,0.02%,MAHONEY,13.7,0.03%
Wylder,0.02%,0.02%,VALENTINE,13.7,0.03%
Ayan,0.02%,0.02%,RAYMOND,13.7,0.03%
Boden,0.02%,0.02%,MEDRANO,13.7,0.03%
Ishaan,0.02%,0.02%,HAHN,13.7,0.03%
Leroy,0.02%,0.02%,MCMILLAN,13.6,0.03%
Mccoy,0.02%,0.02%,SMALL,13.6,0.03%
Ernesto,0.01%,0.02%,BENTLEY,13.6,0.03%
Heath,0.01%,0.02%,FELIX,13.6,0.03%
Judson,0.01%,0.02%,PECK,13.6,0.03%
Kase,0.01%,0.02%,LUCERO,13.6,0.03%
Khai,0.01%,0.02%,BOYLE,13.5,0.03%
Aries,0.01%,0.02%,HANNA,13.5,0.03%
Crue,0.01%,0.02%,PACE,13.5,0.03%
Dane,0.01%,0.02%,RUSH,13.5,0.03%
Kye,0.01%,0.02%,HURLEY,13.5,0.03%
Zyon,0.01%,0.02%,HARDING,13.5,0.03%
Ahmir,0.01%,0.02%,MCCONNELL,13.5,0.03%
Axl,0.01%,0.02%,BERNAL,13.5,0.03%
Santos,0.01%,0.02%,NAVA,13.5,0.03%
Damari,0.01%,0.02%,AYERS,13.4,0.03%
Elio,0.01%,0.02%,EVERETT,13.4,0.03%
Mustafa,0.01%,0.02%,VENTURA,13.4,0.03%
Mathew,0.01%,0.02%,AVERY,13.4,0.03%
Nova,0.01%,0.02%,PUGH,13.4,0.03%
Jadiel,0.01%,0.02%,MAYER,13.4,0.03%
Brendan,0.01%,0.02%,BENDER,13.4,0.03%
Jovanni,0.01%,0.02%,SHEPARD,13.4,0.03%
Salvatore,0.01%,0.02%,MCMAHON,13.4,0.03%
Fisher,0.01%,0.02%,LANDRY,13.4,0.03%
Kolson,0.01%,0.02%,CASE,13.3,0.03%
Rocky,0.01%,0.02%,SAMPSON,13.3,0.03%
Damir,0.01%,0.02%,MOSES,13.3,0.03%
Murphy,0.01%,0.02%,MAGANA,13.3,0.03%
Brodie,0.01%,0.02%,BLACKBURN,13.3,0.03%
Byron,0.01%,0.02%,DUNLAP,13.2,0.03%
Ermias,0.01%,0.02%,GOULD,13.2,0.03%
Larry,0.01%,0.02%,DUFFY,13.2,0.03%
Joe,0.01%,0.02%,VAUGHAN,13.2,0.03%
Joey,0.01%,0.02%,HERRING,13.1,0.03%
Waylen,0.01%,0.02%,MCKAY,13.1,0.03%
Chosen,0.01%,0.02%,ESPINOSA,13.1,0.03%
Jairo,0.01%,0.02%,RIVERS,13.1,0.03%
Kylen,0.01%,0.02%,FARLEY,13.1,0.03%
Arian,0.01%,0.02%,BERNARD,13.1,0.03%
Jon,0.01%,0.02%,ASHLEY,13.1,0.03%
Vihaan,0.01%,0.02%,FRIEDMAN,13,0.03%
Ameer,0.01%,0.02%,POTTS,13,0.03%
Cullen,0.01%,0.02%,TRUONG,13,0.03%
Kaizen,0.01%,0.02%,COSTA,13,0.03%
Dion,0.01%,0.02%,CORREA,13,0.03%
Yousef,0.01%,0.02%,BLEVINS,13,0.03%
Jrue,0.01%,0.02%,NIXON,12.9,0.03%
Kaisen,0.01%,0.02%,CLEMENTS,12.9,0.03%
Kelvin,0.01%,0.02%,FRY,12.9,0.03%
Randy,0.01%,0.02%,DELAROSA,12.9,0.03%
Zen,0.01%,0.02%,BEST,12.9,0.03%
Alaric,0.01%,0.02%,BENTON,12.9,0.03%
Bryant,0.01%,0.02%,LUGO,12.9,0.03%
Cain,0.01%,0.02%,PORTILLO,12.8,0.03%
Kartier,0.01%,0.02%,DOUGHERTY,12.8,0.03%
Shepard,0.01%,0.02%,CRANE,12.8,0.03%
Shmuel,0.01%,0.02%,HALEY,12.8,0.03%
Alfonso,0.01%,0.02%,PHAN,12.8,0.03%
Duncan,0.01%,0.02%,VILLALOBOS,12.8,0.03%
Jeremias,0.01%,0.02%,BLANCHARD,12.8,0.03%
Gian,0.01%,0.02%,HORNE,12.8,0.03%
Jericho,0.01%,0.02%,FINLEY,12.8,0.03%
Rhodes,0.01%,0.02%,QUINTANA,12.8,0.03%
Wesson,0.01%,0.02%,LYNN,12.8,0.03%
Brecken,0.01%,0.02%,ESQUIVEL,12.7,0.03%
Colten,0.01%,0.02%,BEAN,12.7,0.03%
Harley,0.01%,0.02%,DODSON,12.7,0.03%
Alistair,0.01%,0.02%,MULLEN,12.7,0.03%
Harold,0.01%,0.02%,XIONG,12.7,0.03%
Henrik,0.01%,0.02%,HAYDEN,12.7,0.03%
Westyn,0.01%,0.02%,CANO,12.7,0.03%
Agustin,0.01%,0.02%,LEVY,12.6,0.03%
Eugene,0.01%,0.02%,HUBER,12.6,0.03%
Talon,0.01%,0.02%,RICHMOND,12.6,0.03%
Braden,0.01%,0.02%,MOYER,12.6,0.03%
Cassian,0.01%,0.02%,LIM,12.6,0.03%
Ryatt,0.01%,0.02%,FRYE,12.5,0.03%
Korbin,0.01%,0.02%,SHEPPARD,12.5,0.03%
Teo,0.01%,0.02%,MCCARTY,12.5,0.03%
Yahya,0.01%,0.02%,AVALOS,12.5,0.03%
Aldo,0.01%,0.02%,BOOKER,12.5,0.03%
Dangelo,0.01%,0.02%,WALLER,12.5,0.03%
Ezrah,0.01%,0.02%,PARRA,12.5,0.03%
Van,0.01%,0.02%,WOODWARD,12.5,0.03%
Zavier,0.01%,0.02%,JARAMILLO,12.5,0.03%
Bronson,0.01%,0.02%,KRUEGER,12.5,0.03%
Jones,0.01%,0.02%,RASMUSSEN,12.4,0.03%
Yisroel,0.01%,0.02%,BRANDT,12.4,0.03%
Mekhi,0.01%,0.02%,PERALTA,12.4,0.03%
Neo,0.01%,0.02%,DONALDSON,12.4,0.03%
Stefan,0.01%,0.02%,STUART,12.4,0.03%
Zev,0.01%,0.02%,FAULKNER,12.4,0.03%
Eren,0.01%,0.02%,MAYNARD,12.4,0.03%
Kristian,0.01%,0.02%,GALINDO,12.4,0.03%
Coleson,0.01%,0.02%,COFFEY,12.4,0.03%
Gary,0.01%,0.02%,ESTES,12.3,0.03%
Harlem,0.01%,0.02%,SANFORD,12.3,0.03%
Ignacio,0.01%,0.02%,BURCH,12.3,0.03%
Bode,0.01%,0.02%,MADDOX,12.3,0.03%
Canaan,0.01%,0.02%,VO,12.3,0.03%
Niklaus,0.01%,0.02%,OCONNELL,12.3,0.03%
Cedric,0.01%,0.02%,VU,12.3,0.03%
Khalid,0.01%,0.02%,ANDERSEN,12.3,0.03%
Maxton,0.01%,0.02%,SPENCE,12.3,0.03%
Rene,0.01%,0.02%,MCPHERSON,12.3,0.03%
Thatcher,0.01%,0.02%,CHURCH,12.2,0.03%
Benedict,0.01%,0.02%,SCHMITT,12.2,0.03%
Davian,0.01%,0.02%,STANTON,12.2,0.03%
Gordon,0.01%,0.02%,LEAL,12.2,0.03%
Wallace,0.01%,0.02%,CHERRY,12.2,0.03%
Kabir,0.01%,0.02%,COMPTON,12.2,0.03%
Adler,0.01%,0.02%,DUDLEY,12.1,0.03%
Darian,0.01%,0.02%,SIERRA,12.1,0.03%
Meir,0.01%,0.02%,POLLARD,12.1,0.03%
Osiris,0.01%,0.02%,ALFARO,12.1,0.03%
Osman,0.01%,0.02%,HESTER,12.1,0.03%
Terry,0.01%,0.02%,PROCTOR,12.1,0.03%
Mordechai,0.01%,0.02%,LU,12.1,0.03%
Cartier,0.01%,0.02%,HINTON,12.1,0.03%
Demetrius,0.01%,0.02%,NOVAK,12,0.03%
Kamryn,0.01%,0.02%,GOOD,12,0.03%
Stone,0.01%,0.02%,MADDEN,12,0.03%
Vance,0.01%,0.02%,MCCANN,12,0.03%
Aurelio,0.01%,0.02%,TERRELL,12,0.03%
Jaxx,0.01%,0.02%,JARVIS,12,0.03%
Kooper,0.01%,0.02%,DICKSON,12,0.03%
Lux,0.01%,0.02%,REYNA,12,0.03%
Rodney,0.01%,0.02%,CANTRELL,12,0.03%
Darwin,0.01%,0.02%,MAYO,11.9,0.03%
Zechariah,0.01%,0.02%,BRANCH,11.9,0.03%
Jakob,0.01%,0.02%,HENDRIX,11.9,0.03%
Marlon,0.01%,0.02%,ROLLINS,11.9,0.03%
Yael,0.01%,0.02%,ROWLAND,11.9,0.03%
Brennan,0.01%,0.02%,WHITNEY,11.9,0.03%
Kanan,0.01%,0.02%,DUKE,11.9,0.03%
Asaiah,0.01%,0.02%,ODOM,11.9,0.03%
Atharv,0.01%,0.02%,DAUGHERTY,11.9,0.03%
Imran,0.01%,0.02%,TRAVIS,11.9,0.03%
Ivaan,0.01%,0.02%,TANG,11.9,0.03%
Maurice,0.01%,0.02%,ARCHER,11.9,0.03%